sub_CST,Lactobacillus_crispatus,Lactobacillus_iners,Gardnerella_vaginalis,Lactobacillus_mulieris,Lactobacillus_jensenii,Lactobacillus_gasseri,Fannyhessea_vaginae,Sneathia_vaginalis,Megasphaera_lornae,Streptococcus_agalactiae,Finegoldia_magna_H,Prevotella_timonensis,Ca_Lachnocurva_vaginae,Aerococcus_christensenii,Prevotella_bivia,Streptococcus_mitis,Escherichia_coli,Streptococcus_salivarius,g_Prevotella,Peptoniphilus_harei,Sneathia_sanguinegens,Enterococcus_faecalis,Amygdalobacter_indicium,Bifidobacterium_breve,Limosilactobacillus_reuteri,Anaerococcus_prevotii,Parvimonas_sp001552895,Megasphaera_hutchinsoni,Staphylococcus_epidermidis,Nanoperiomorbus_sp004136275,Berryella_sp001552935,Streptococcus_anginosus,Rothia_mucilaginosa,f_Pasteurellaceae,Dialister_micraerophilus,Peptostreptococcus_anaerobius,Ureaplasma_parvum,Prevotella_amnii,Gemella_asaccharolytica,Veillonella_montpellierensis,Streptococcus_xiaochunlingii,Prevotella_corporis,Neisseria_gonorrhoeae,Peptoniphilus_lacrimalis,Fenollaria_massiliensis,Limosilactobacillus_coleohominis,Corynebacterium_kefirresidentii,Prevotella_disiens,Anaerococcus_murdochii,Corynebacterium_aurimucosum,Alloscardovia_omnicolens,Corynebacterium_amycolatum,Staphylococcus_haemolyticus,Prevotella_melaninogenica,Gemella_sanguinis,g_Nanoperiomorbus,Dialister_sp001553355,Prevotella_sp000479005,Mageeibacillus_indolicus,Anaerococcus_sp900258475,Prevotella_jejuni,Anaerococcus_vaginalis_B,g_Bacteroides,Veillonella_atypica,c_Clostridia,Prevotella_sp000758925,Staphylococcus_hominis,Ezakiella_sp900540185,Granulicatella_adiacens,Mobiluncus_mulieris,Veillonella_dispar,Veillonella_parvula,Bifidobacterium_infantis,Porphyromonas_pasteri,Corynebacterium_sp001767255,Faecalibacterium_prausnitzii,Levyella_massiliensis,Anaerococcus_vaginalis,Mobiluncus_curtisii,f_Enterobacteriaceae,Anaerococcus_hydrogenalis,o_Bacteroidales,Peptoniphilus_coxii,g_Leptotrichia,Staphylococcus_aureus,Porphyromonas_asaccharolytica,Corynebacterium_coyleae,Anaerococcus_lactolyticus,Corynebacterium_tuscaniense,Limosilactobacillus_fermentum,Metamycoplasma_hominis,f_Dethiosulfovibrionaceae,Corynebacterium_riegelii,Klebsiella_pneumoniae,Actinomyces_graevenitzii,Porphyromonas_uenonis,Prevotella_colorans,Fusobacterium_periodonticum,Lawsonella_clevelandensis,Peptoniphilus_duerdenii,Rothia_aeria,f_Acutalibacteraceae,Peptostreptococcus_sp000758885,Winkia_neuii,Lacticaseibacillus_rhamnosus,Limosilactobacillus_vaginalis,Finegoldia_magna,Fusobacterium_animalis,g_Bifidobacterium,Alloprevotella_sp905369775,Streptococcus_gordonii,Prevotella_oris,Corynebacterium_glaucum,Bacteroides_uniformis,Jonquetella_anthropi,Blautia_A_luti,Bacillus_spizizenii,f_RUG11792,Pauljensenia_sp902373545,g_UBA4285,g_Alloprevotella,g_Dialister,S5.A14a_sp000758905,Anaerococcus_vaginimassiliensis,Peptoniphilus_rachelemmaiella,Pseudoglutamicibacter_albus,g_Neisseria,Porphyromonas_sp001552775,Agathobacter_sp900543445,Peptoniphilus_gorbachii,Lancefieldella_parvula,Anaerococcus_rubeinfantis,Olegusella_massiliensis,Bifidobacterium_longum,Alterileibacterium_massiliense,Corynebacterium_striatum,Varibaculum_cambriense_A,Streptococcus_cristatus,Anaerococcus_senegalensis,Cutibacterium_acnes,Veillonella_parvula_A,g_Fusobacterium,Leptotrichia_wadei,Prevotella_veroralis,g_Corynebacterium,Facklamia_hominis,Bifidobacterium_adolescentis,Anaerococcus_marasmi,Varibaculum_massiliense,Lancefieldella_rimae,Brevibacterium_ravenspurgense,Fusobacterium_vincentii,g_S5.A14a,Stomatobaculum_sp002892395,Prevotella_sp000163055,Pauljensenia_odontolytica_A,Prevotella_sp900548585,g_Pseudoglutamicibacter,Oligella_urethralis,Eisenbergiella_sp900550285,f_Ruminococcaceae,Corynebacterium_pyruviciproducens,Corynebacterium_sp001807485,Corynebacterium_imitans,Winkia_sp002849225,Varibaculum_cambriense_B,Anaerostipes_hadrus,Staphylococcus_simulans,Mediannikoviicoccus_vaginalis,f_Oscillospiraceae,g_Bulleidia,Prevotella_copri,Streptococcus_sp001556435,Blautia_A_sp900066335,Prevotella_ihumii,Peptoniphilus_sp000478985,Pauljensenia_turicensis,Anaeroglobus_micronuciformis,Peptoniphilus_pacaensis,Stomatobaculum_naviforme,Megasphaera_elsdenii,f_Peptoniphilaceae,Roseburia_sp001940165,Oribacterium_sinus,c_Negativicutes,Arcanobacterium_A_sp000758825,Peptoniphilus_sp902363535,Anaerococcus_octavius,Prevotella_denticola,Falseniella_ignava,Anaerococcus_ihuae,Staphylococcus_warneri,Globicatella_sanguinis,Corynebacterium_jeikeium,Dorea_A_longicatena,Peptoniphilus_sp900343085,Lachnoanaerobaculum_orale,Urinicoccus_massiliensis,Anaerococcus_jeddahensis,f_Actinomycetaceae,Parvimonas_sp000214475,Streptococcus_constellatus,Streptococcus_macedonicus,Anaerococcus_provencensis,Blautia_A_faecis,Fusobacterium_nucleatum,F0428_sp003043955,Bifidobacterium_dentium,Bifidobacterium_scardovii,Mogibacterium_diversum,Anaerococcus_sp900232825,Blautia_A_obeum,Ureaplasma_urealyticum,Corynebacterium_mucifaciens,g_Veillonella,Pauljensenia_sp000308055,Anaerobutyricum_soehngenii,Bacteroides_fragilis,g_Mediterraneibacter,Acetatifactor_intestinalis,Pauljensenia_sp000185285,Sutterella_sp900762445,Centipeda_felix,Atopobium_deltae,Mediterraneibacter_faecis,g_Treponema,Collinsella_aerofaciens_H,Prevotella_intermedia,g_Pandoraea,Ezakiella_peruensis,Abiotrophia_sp001815865,Gleimia_europaea_A,Streptococcus_dysgalactiae,Negativicoccus_massiliensis,Gemella_morbillorum,Leptotrichia_hongkongensis,Fusobacterium_pseudoperiodonticum,Brevibacterium_mcbrellneri,Prevotella_bergensis,Lactococcus_lactis,Parvimonas_sp015257355,Pauljensenia_sp000411415,Corynebacterium_sanguinis,Atopobium_minutum,Fastidiosipila_sanguinis,Actinomyces_oris,Actinotignum_sanguinis,Bariatricus_comes,Bifidobacterium_angulatum,Varibaculum_vaginae,Lachnoanaerobaculum_sp000296385,Streptococcus_mutans,Cutibacterium_avidum,f_CAG.74,Helcococcus_massiliensis,Bulleidia_sp015256775,g_Klebsiella,f_Fastidiosipilaceae,Pauljensenia_odontolytica,Actinomyces_sp915069725,Anaeroglobus_geminatus,Granulicatella_elegans,g_Helcococcus,Peptoniphilus_obesi,Mediannikoviicoccus_massiliensis,g_Oribacterium,Propionimicrobium_lymphophilum,g_Barnesiella,Roseburia_intestinalis,g_Rothia,KA00134_sp001574395,Urinicoccus_timonensis,Parvimonas_parva,Oliverpabstia_faecicola,Barnesiella_intestinihominis,Corynebacterium_sp001831515,Corynebacterium_urealyticum,o_Saccharofermentanales,Dermabacter_hominis,Pseudoglutamicibacter_cumminsii,Leptotrichia_buccalis,Acidaminococcus_intestini,Arcanobacterium_A_urinimassiliense,Atopobacter_sp003664595,Catonella_massiliensis,Holdemanella_sp003458715,Ruminococcus_gnavus,Stomatobaculum_longum_A,Corynebacterium_vitaeruminis,f_Anaerovoracaceae,Corynebacterium_phoceense,Stomatobaculum_longum,Pauljensenia_odontolytica_B,Lactobacillus_delbrueckii,Centipeda_sp001717585,Scardovia_wiggsiae,Streptococcus_intermedius,Oribacterium_parvum,Pauljensenia_sp001072465,Streptococcus_equinus,Criibacterium_bergeronii,Butyrivibrio_sp015258065,Actinobaculum_massiliense,g_Mesosutterella,Staphylococcus_lugdunensis,Corynebacterium_minutissimum,Anaerococcus_sp900541365,Dorea_formicigenerans,Porphyromonas_gingivalis,Anaerococcus_nagyae,Prevotella_brunnea,Slackia_exigua,Streptococcus_thermophilus,Helcococcus_sueciensis,Nosocomiicoccus_ampullae_A,Peptoniphilus_phoceensis,Prevotella_sp000467895,Staphylococcus_xylosus,g_Georgenia,Eisenbergiella_sp900066775,Clostridium_Q_sp000435655,Peptoniphilus_nemausensis,Corynebacterium_xerosis,Bulleidia_moorei,Mesosutterella_massiliensis,Corynebacterium_sp001875725,Collinsella_sp900549355,Ligilactobacillus_salivarius,Coprococcus_eutactus_A,Helcobacillus_massiliensis,g_Peptostreptococcus,g_CAG.95,c_Bacilli,Aerococcus_viridans,Trueperella_bernardiae,Olsenella_uli,Pauljensenia_radingae_A,Anaeroglobus_vaginalis,Gleimia_europaea_B,Arachnia_timonensis,Klebsiella_michiganensis,Shuttleworthia_satelles,Aerococcus_urinae,g_Sutterella,Berryella_sp900604965,Limosilactobacillus_oris,Chlamydia_trachomatis,Prevotella_sp001552765,f_Lachnospiraceae,g_Ligilactobacillus,Khoudiadiopia_massiliensis,Pandoraea_sputorum,g_Anaeroglobus,g_Catonella,Arcanobacterium_A_ihumii,Streptococcus_pyogenes
I-A,0.961967044,0.003297093,0.00135786,0.004839974,0.00715357,0.001904744,0.000132181,2.63E-05,3.06E-05,0.000203745,0.001999244,0.000421522,7.48E-05,1.62E-05,0.000570579,0.000193551,0.000272035,8.44E-05,2.36E-05,0.000527826,8.68E-06,6.14E-05,1.43E-05,2.95E-05,0.002564403,0.000149269,1.18E-05,1.14E-05,0.000379758,6.60E-06,5.86E-06,0.000125816,1.86E-05,3.84E-05,0.000189273,6.82E-05,0.000634224,8.76E-06,4.68E-06,1.07E-05,1.16E-05,0.000156338,1.61E-05,7.57E-05,0.000154827,0.000754148,0.000500677,8.52E-05,0.000169805,0.000220101,5.51E-05,0.000261501,7.78E-05,1.11E-05,1.78E-05,0.000190126,3.90E-05,7.58E-05,2.83E-06,0.000210112,2.56E-06,0.000138107,7.17E-05,3.35E-05,0.001670894,2.31E-06,0.000356455,8.97E-05,2.42E-06,5.47E-06,7.53E-06,5.44E-06,9.60E-06,5.85E-06,0.000191468,4.64E-05,3.59E-05,2.94E-05,3.53E-05,0.000133204,0.000145209,1.81E-05,5.94E-05,2.86E-06,3.71E-05,6.65E-06,0.000217102,4.57E-05,0.000202054,2.34E-05,7.72E-06,3.23E-05,0.00018743,1.32E-05,7.93E-07,9.40E-06,2.58E-05,2.97E-06,7.50E-05,3.11E-05,4.09E-06,3.03E-05,1.58E-06,9.64E-06,2.90E-08,0.000341318,2.43E-05,3.17E-05,5.18E-06,1.57E-06,5.26E-06,8.30E-08,0.000178984,1.84E-05,2.81E-05,2.74E-05,4.46E-06,7.42E-05,7.33E-07,4.00E-05,3.87E-06,1.62E-05,6.77E-06,0.000116696,1.33E-05,0.000109945,2.04E-05,1.00E-06,2.48E-05,3.65E-05,6.18E-07,1.94E-05,2.73E-05,4.69E-06,2.43E-06,2.02E-05,3.27E-05,1.97E-06,0.000121574,0.000130857,9.44E-06,6.75E-06,6.78E-07,1.97E-07,2.21E-05,4.47E-05,1.97E-05,6.88E-05,5.31E-05,9.55E-06,7.37E-05,1.20E-06,2.26E-06,5.04E-06,1.99E-06,4.02E-07,6.46E-06,2.41E-05,4.47E-05,1.11E-05,1.76E-05,2.69E-05,4.85E-05,5.48E-05,6.79E-05,1.25E-05,1.10E-05,3.52E-06,2.25E-05,1.29E-05,7.70E-08,7.50E-05,3.77E-07,1.55E-05,2.04E-07,2.81E-06,2.92E-06,5.41E-06,1.18E-05,2.45E-06,4.16E-06,3.58E-06,1.04E-05,4.26E-07,5.21E-06,2.62E-07,1.34E-05,5.60E-05,1.18E-06,1.94E-05,1.07E-05,1.58E-06,2.93E-06,1.39E-05,1.02E-05,1.16E-05,3.10E-08,1.01E-05,6.32E-06,2.56E-05,9.46E-07,2.23E-07,3.20E-08,2.21E-05,4.75E-06,9.78E-07,8.80E-08,4.84E-06,3.91E-06,3.20E-08,1.02E-05,6.10E-06,6.00E-06,2.78E-05,1.46E-05,1.34E-07,8.78E-06,2.31E-05,2.15E-06,4.60E-06,1.46E-07,1.39E-05,0,6.47E-06,8.79E-06,8.53E-07,3.38E-05,1.28E-07,3.69E-05,1.21E-05,0,3.27E-05,4.04E-07,8.29E-06,1.06E-05,7.22E-07,2.86E-07,2.71E-05,7.50E-06,1.93E-06,2.43E-07,6.46E-07,1.00E-05,9.84E-06,1.93E-05,3.55E-07,3.57E-06,3.74E-06,1.88E-05,6.09E-07,3.15E-07,5.20E-08,7.81E-06,1.46E-06,1.88E-05,1.25E-07,3.44E-06,1.02E-06,5.80E-08,5.26E-07,3.26E-06,4.77E-07,1.48E-05,5.49E-06,1.72E-06,5.00E-08,1.34E-05,3.00E-06,4.75E-06,1.63E-06,9.65E-07,4.51E-06,1.26E-06,1.64E-06,1.43E-06,2.15E-05,2.46E-06,1.38E-06,1.10E-05,2.08E-05,1.20E-06,4.85E-06,1.21E-06,0,0,4.19E-06,1.41E-06,1.16E-07,1.97E-06,1.12E-06,1.35E-06,1.82E-07,0,0,1.31E-07,1.50E-08,2.24E-07,9.30E-08,5.75E-07,1.16E-07,7.42E-07,0,1.17E-05,0.000113288,2.90E-06,1.84E-05,7.62E-06,3.61E-06,3.10E-08,8.24E-06,4.05E-06,1.80E-06,2.61E-06,1.00E-05,5.01E-06,1.29E-06,5.90E-08,8.70E-06,1.74E-05,1.66E-06,3.42E-06,2.58E-06,7.67E-07,6.23E-07,4.83E-06,7.50E-07,9.62E-07,6.03E-07,3.51E-06,7.74E-06,5.86E-07,3.40E-08,2.42E-05,3.73E-06,4.43E-06,3.60E-07,1.61E-06,1.01E-06,7.60E-06,4.47E-06,1.72E-06,9.40E-08,8.58E-07,4.65E-06,7.40E-07,2.53E-05,5.90E-08,0,6.30E-08,7.53E-07,1.59E-07,5.20E-06,6.35E-07,0,4.36E-07,6.58E-07
I-B,0.734018041,0.059792647,0.013279285,0.015851042,0.019571353,0.021177585,0.002824693,0.000838472,0.000402993,0.003868258,0.013117904,0.004562718,0.000332056,0.000677573,0.005483186,0.003596995,0.003514973,0.001357219,0.000113581,0.00443701,0.000287832,0.001119038,0.000106761,0.001848244,0.005834129,0.002038539,0.000163558,0.000479197,0.002869056,5.05E-05,9.89E-05,0.002092722,0.000212492,0.000404909,0.001806125,0.000914218,0.002581717,9.41E-05,0.000243335,0.000611564,0.00027823,0.001626219,0.000152784,0.000785953,0.001420736,0.001695069,0.00162364,0.000669059,0.001879027,0.00123858,0.001552098,0.001531824,0.000711505,8.90E-05,0.000357137,0.000803653,0.000691325,0.001001579,2.82E-05,0.002399725,3.11E-05,0.001574798,0.00024898,0.000318002,0.002505692,0.000109706,0.001275899,0.000790516,7.09E-05,3.61E-05,0.000109196,0.000136514,0.006655847,1.46E-05,0.001598586,0.000142185,0.000365148,6.31E-05,0.000284483,0.000439385,0.000911582,9.39E-05,0.000697136,1.76E-05,0.000398418,6.42E-05,0.001079455,0.000458105,0.001435776,7.45E-05,4.65E-05,0.000143647,0.001204619,0.00012396,1.94E-05,0.000143851,0.000395401,1.97E-05,0.000468412,0.000429048,1.49E-05,7.31E-05,7.10E-06,0.000622979,1.57E-06,0.001013598,0.00056555,0.000361537,2.59E-05,2.08E-05,2.95E-05,2.87E-06,0.000801443,0.000141942,0.000179816,6.94E-05,1.34E-05,0.000302562,2.15E-05,0.000377248,1.77E-05,7.46E-05,7.24E-05,0.000412061,0.00014287,0.000711183,0.000145985,1.08E-05,9.43E-05,0.000246886,2.26E-05,0.000241322,0.000159988,8.12E-06,1.88E-05,0.000147491,0.000398311,1.64E-05,0.000297154,0.000303598,9.31E-05,0.000187156,5.39E-06,4.20E-06,8.41E-05,0.000495362,4.58E-05,0.000380421,0.0006587,0.000488864,0.000435055,1.83E-05,1.91E-05,4.20E-05,4.97E-06,3.38E-06,4.77E-05,0.000146588,0.000455989,4.13E-05,6.39E-05,0.000214371,0.000199251,0.000280329,0.000252606,9.32E-05,3.21E-05,2.25E-05,0.000270146,2.78E-05,9.09E-07,0.000105779,4.04E-05,6.51E-05,1.54E-05,3.90E-05,3.53E-05,2.22E-05,0.000107195,3.25E-05,4.86E-05,6.88E-05,2.67E-05,1.18E-05,2.76E-05,2.41E-06,5.39E-05,0.000133835,0.000273076,0.000250411,7.09E-05,4.74E-05,2.10E-05,2.59E-05,3.19E-05,9.26E-05,3.97E-06,0.000127104,5.81E-05,4.68E-05,1.92E-06,7.51E-05,4.44E-06,0.000164498,2.08E-05,7.95E-07,2.83E-06,0.000308264,0.000155557,1.49E-06,7.95E-05,1.50E-05,3.31E-05,0.0001052,4.30E-05,1.09E-06,2.30E-05,3.42E-05,9.07E-06,7.61E-06,1.32E-06,0.000115898,5.05E-07,7.29E-05,3.40E-05,1.91E-06,0.000114962,6.13E-07,0.000138218,0.000168152,1.51E-06,0.000273381,1.01E-06,5.57E-05,2.09E-05,1.33E-06,4.17E-06,0.000133442,7.11E-05,2.59E-06,7.63E-07,3.79E-06,0.000129006,8.77E-05,0.000217106,4.51E-06,0.000101972,1.11E-05,6.38E-06,4.56E-06,1.59E-06,2.30E-05,7.16E-05,1.23E-05,0.000182402,2.09E-06,2.80E-05,4.17E-06,3.46E-07,1.70E-06,5.00E-05,6.28E-06,0.000126353,8.15E-05,4.26E-06,2.78E-06,0.000358479,7.35E-06,1.03E-05,1.03E-05,8.60E-06,5.74E-05,2.99E-05,5.45E-06,5.56E-06,8.38E-05,7.51E-05,9.87E-06,5.85E-05,0.00010504,7.02E-07,2.41E-05,2.13E-05,9.20E-06,8.60E-07,2.37E-06,1.29E-05,2.12E-06,1.16E-06,2.11E-06,1.03E-05,1.23E-06,6.55E-07,3.54E-05,4.62E-07,3.49E-05,1.76E-06,7.23E-07,3.46E-06,0.000141832,5.77E-06,7.30E-08,2.20E-05,0.000121668,2.40E-05,4.57E-05,6.13E-05,9.80E-06,8.60E-08,3.12E-05,8.85E-05,6.27E-05,5.02E-06,9.81E-05,7.87E-05,1.06E-05,1.74E-07,3.85E-05,0.000118553,9.24E-06,8.55E-06,5.96E-05,4.18E-05,2.34E-06,3.03E-05,0.000408205,3.28E-06,9.88E-06,1.06E-05,7.82E-05,3.11E-06,4.45E-06,4.76E-05,2.79E-07,3.48E-05,1.12E-05,2.26E-05,7.58E-06,0.000122827,4.43E-05,1.16E-05,6.88E-06,2.05E-05,5.94E-06,4.68E-06,9.24E-05,4.50E-08,1.15E-05,2.63E-07,4.58E-05,1.42E-06,1.54E-05,5.20E-06,0,1.07E-06,3.01E-07
II,0.007115338,0.038393395,0.022048893,0.002287721,0.002575202,0.713268358,0.006165174,0.001059305,0.00018612,0.006674793,0.013835269,0.016886521,0.000321882,0.000145051,0.002823651,0.000872056,0.003467118,0.000172956,3.93E-05,0.006367718,0.000157671,0.001216488,0.000122116,0.013260412,0.000988878,0.000426075,4.86E-05,1.40E-05,0.001324861,6.55E-05,0.000139402,0.008010374,1.07E-05,0.00034515,0.002197189,0.001142886,0.00327567,0.000538058,0.000142367,5.59E-05,6.38E-05,0.002465503,1.21E-05,0.000656186,0.001467447,0.000464347,0.002620212,0.000675153,0.001623961,0.001391938,0.004127776,0.004266978,0.000425709,6.37E-05,0.000180607,0.000840745,0.003058544,0.001722681,1.79E-05,0.005166882,0.000897632,0.000985964,0.000190894,0.000280408,2.48E-06,9.22E-06,0.00033971,0.001199808,4.20E-06,1.93E-06,9.20E-06,2.00E-05,0.018427591,5.14E-07,0.001703506,8.81E-05,8.48E-05,0.000159057,0.000147039,4.33E-05,0.000354259,1.99E-05,0.000597346,3.16E-06,3.55E-05,0.000134995,0.001677451,0.011950263,0.002463054,0.000282654,5.63E-05,5.27E-05,0.002169113,0.002987287,0,0.0001249,0.000367136,2.34E-07,0.00022346,0.000945598,7.31E-07,4.70E-05,1.14E-05,0.000297917,0.000534767,0.000876758,0.0043344,2.03E-05,0.000133865,1.05E-06,1.43E-06,7.72E-07,0.003051139,1.98E-05,0.000134422,4.96E-05,3.46E-06,2.08E-05,0,0.001383488,8.16E-06,0.000212452,5.51E-05,0.000130477,0.000180028,0.001964295,4.15E-06,7.21E-06,8.01E-05,9.34E-05,0.000211055,0.000287988,0.001603179,0.000639841,1.32E-05,0.000157034,0.001988541,1.20E-06,2.98E-05,9.75E-05,3.92E-05,1.40E-05,1.05E-06,2.04E-05,7.66E-05,0.000414627,1.48E-05,0.000180309,0.000461601,2.47E-06,0.001825001,0,7.21E-06,0.00014156,0,0,1.82E-05,0.000466274,0.001171263,1.79E-05,1.83E-05,0.000265564,0.000626012,6.48E-05,0.000513403,6.63E-05,8.24E-06,8.74E-05,0.00047029,2.24E-05,0,2.41E-06,0,1.63E-05,7.90E-08,3.17E-05,2.67E-05,8.23E-06,0.000168656,2.47E-05,4.47E-05,0.00011189,0,0,9.63E-06,8.20E-08,9.70E-05,5.03E-05,1.07E-06,0.000189331,2.90E-05,7.41E-06,3.81E-05,8.97E-05,2.23E-05,3.83E-05,0,0.000213028,0.000308577,3.98E-05,3.22E-07,3.75E-06,5.89E-07,7.23E-05,6.40E-06,0,0,0.000599671,0.001343339,5.01E-07,1.39E-05,5.89E-06,7.96E-05,0.000273766,2.53E-05,0,9.19E-06,7.24E-05,5.62E-06,1.02E-06,0,2.41E-05,0,0.000220747,5.87E-05,4.27E-06,4.21E-05,2.49E-07,0.000367506,0.0001426,0,5.83E-05,0,4.57E-05,3.65E-07,6.80E-08,1.60E-07,5.94E-05,3.61E-05,1.12E-07,0,1.65E-06,2.41E-05,3.38E-07,0.000137255,3.75E-07,2.87E-05,1.17E-05,8.30E-06,0,0,0,9.31E-05,2.04E-05,0.000156937,1.87E-06,6.40E-05,3.88E-06,0,2.43E-07,2.66E-05,1.03E-06,0.000550738,5.02E-05,1.10E-06,0,0.00200474,4.69E-06,2.50E-06,6.59E-07,3.98E-05,1.15E-05,3.00E-06,4.81E-06,9.49E-07,3.52E-06,7.50E-06,2.15E-06,0.000158476,4.29E-05,2.12E-07,1.26E-05,8.66E-05,0,0,2.11E-07,4.66E-06,0,1.37E-07,7.69E-07,1.42E-06,2.13E-06,0,0.001019064,6.57E-07,0,0,0,7.10E-08,0,4.97E-06,0,6.48E-05,0.000475547,1.05E-06,1.51E-05,1.58E-05,4.50E-06,0,1.14E-05,3.07E-05,0.000165218,7.10E-07,4.32E-05,1.67E-05,1.78E-05,0,2.09E-06,3.86E-05,3.55E-06,6.69E-06,5.38E-06,7.19E-06,2.84E-07,2.66E-05,0,1.35E-06,8.75E-05,9.85E-07,2.35E-05,3.21E-06,5.83E-07,6.29E-05,0,9.97E-05,9.90E-08,5.44E-05,2.32E-06,7.54E-06,3.84E-05,1.85E-05,0,2.28E-05,5.75E-06,7.09E-06,2.11E-06,3.84E-07,0,1.41E-06,9.40E-08,4.01E-05,6.68E-07,2.38E-07,0,1.17E-06,0.004574678
III-A,0.003465543,0.952701329,0.006407537,0.004232616,0.0076462,0.00273489,0.000318851,0.000193465,0.000419702,0.000953521,0.002055422,0.000283099,0.000323979,0.000400498,0.000315483,0.000731396,0.000204492,0.000300011,4.61E-05,0.000455796,0.00024623,0.00015643,5.36E-05,2.39E-05,0.001267472,0.000204013,3.42E-05,1.49E-05,0.000534182,5.05E-05,5.59E-05,0.000306925,3.26E-05,7.48E-05,0.000132379,0.000146136,0.001476477,6.01E-05,6.58E-05,0.000179957,5.56E-05,7.62E-05,2.20E-05,6.41E-05,0.000145364,0.00102264,0.000604543,0.00010823,0.0001396,0.000503928,1.90E-05,0.000454506,0.000194817,1.92E-05,0.000128143,0.000254503,2.94E-05,6.67E-05,1.75E-05,0.000153715,7.68E-06,6.58E-05,7.93E-05,4.33E-05,0.000146132,1.15E-05,0.000214261,7.58E-05,1.16E-05,7.19E-06,3.13E-05,1.46E-05,1.09E-05,2.98E-06,0.000227918,4.11E-05,2.72E-05,2.19E-05,3.24E-05,0.000121118,8.07E-05,1.38E-05,4.09E-05,4.93E-06,0.000175046,8.02E-06,0.00024912,2.68E-05,0.000173112,1.21E-05,3.03E-05,1.50E-05,9.32E-05,0.000194965,1.81E-06,1.12E-05,2.49E-05,1.40E-06,5.78E-05,3.67E-05,4.92E-06,2.84E-05,1.13E-05,1.05E-05,4.73E-07,0.000302042,2.99E-05,3.70E-05,4.72E-06,2.72E-06,1.44E-06,3.14E-07,0.000421842,1.66E-05,3.56E-05,2.39E-05,6.69E-06,5.32E-05,2.38E-06,2.57E-05,1.98E-06,8.96E-06,7.56E-06,5.81E-05,2.77E-05,0.00013277,8.77E-06,1.05E-06,2.72E-05,5.02E-05,4.75E-06,5.48E-05,1.39E-05,4.09E-06,1.14E-06,0.000131503,1.67E-05,6.08E-06,5.93E-05,7.87E-05,1.23E-05,4.37E-06,1.97E-06,1.39E-06,6.76E-05,3.77E-05,7.81E-06,5.15E-05,4.06E-05,3.77E-07,0.000132339,6.20E-06,2.77E-06,2.36E-06,7.98E-07,1.71E-06,4.73E-06,2.27E-05,4.85E-05,6.35E-06,1.01E-05,3.55E-05,0.000137872,5.42E-05,4.96E-05,7.61E-06,4.86E-06,6.01E-05,2.34E-05,9.42E-06,3.81E-07,1.90E-05,4.22E-06,1.31E-05,4.93E-06,2.04E-06,3.34E-06,1.48E-06,1.05E-05,2.12E-06,6.40E-06,3.85E-06,4.51E-06,4.16E-07,3.06E-06,1.22E-06,1.20E-05,3.22E-05,4.05E-07,2.13E-05,6.78E-06,2.20E-06,2.54E-06,0.000189822,4.87E-06,1.25E-05,5.53E-07,6.22E-06,1.70E-05,4.72E-05,8.60E-08,6.25E-07,6.74E-06,3.57E-05,3.58E-06,3.19E-07,2.35E-07,6.76E-06,7.98E-07,6.80E-08,4.91E-06,4.10E-06,5.13E-05,2.73E-05,6.89E-06,4.30E-08,6.66E-06,1.06E-05,4.59E-06,6.07E-06,8.49E-07,7.40E-06,1.71E-07,9.79E-06,8.97E-06,2.99E-07,1.77E-05,7.10E-08,4.03E-05,7.93E-06,1.08E-07,9.06E-06,1.50E-07,4.18E-06,4.40E-08,5.79E-07,1.76E-07,0.000109142,4.13E-06,4.64E-07,5.20E-08,2.10E-06,6.53E-06,4.91E-06,2.02E-05,5.24E-06,9.47E-06,4.38E-06,5.48E-06,6.35E-06,5.00E-08,2.65E-07,2.21E-05,2.73E-07,1.06E-05,1.11E-06,1.82E-05,4.69E-07,2.46E-07,0,1.09E-05,2.16E-05,9.26E-06,5.12E-06,3.38E-06,3.90E-08,7.17E-06,2.10E-06,1.07E-06,4.07E-07,9.90E-07,4.04E-06,9.15E-06,2.41E-06,1.39E-06,2.19E-05,6.44E-06,3.14E-06,2.40E-05,2.64E-05,2.02E-07,4.64E-06,9.85E-07,0,0,1.41E-06,1.83E-06,2.90E-08,1.48E-07,8.26E-07,2.04E-05,4.06E-07,9.10E-08,0,6.30E-08,0,0,0,5.40E-08,0,1.52E-06,0,5.96E-06,0.000128384,8.18E-06,2.81E-05,5.46E-06,2.19E-06,1.60E-07,4.32E-06,2.39E-06,5.40E-06,1.89E-06,1.16E-05,1.55E-05,0,2.34E-07,6.35E-06,1.06E-05,1.36E-06,1.75E-06,4.57E-06,7.19E-06,5.70E-07,3.36E-06,1.94E-06,6.64E-07,3.65E-05,2.07E-06,1.39E-05,1.04E-06,3.02E-07,3.48E-05,1.81E-06,1.28E-06,2.18E-06,2.45E-06,2.15E-06,4.37E-06,2.13E-05,3.81E-06,0,7.82E-07,1.14E-05,2.59E-06,1.66E-06,1.10E-05,9.20E-08,7.44E-07,1.45E-05,4.30E-07,1.73E-05,2.25E-07,0,5.96E-07,1.21E-05
III-B,0.073775257,0.54080568,0.133969199,0.023126837,0.038156118,0.009833588,0.019760522,0.005730457,0.015135247,0.005817127,0.008893284,0.005824,0.005427027,0.010991225,0.005885876,0.004284159,0.001390196,0.001275836,0.001944283,0.003094505,0.005898619,0.000416061,0.002203685,0.000314806,0.003006055,0.004023997,0.002411829,0.00125284,0.002376091,0.003482873,0.0028538,0.001802192,7.87E-05,0.000404535,0.001434932,0.001436654,0.002008824,0.003761608,0.003030184,0.002973144,0.000200846,0.000337966,0.000104989,0.000804382,0.000753495,0.001522558,0.001389581,0.000541772,0.000820783,0.000966325,5.23E-05,0.00116273,0.000533335,0.000437092,0.000659284,0.000461382,0.00120045,0.000849481,0.000345801,0.000897134,3.32E-05,0.000538274,0.000243827,0.000296339,0.000491794,0.000555375,0.000783325,0.000317031,4.28E-05,0.000224576,5.53E-05,6.91E-05,7.57E-05,1.85E-05,0.000937352,0.000121363,9.88E-05,7.03E-05,0.000308128,0.000332304,0.00054714,0.00032798,0.000432831,8.65E-06,0.000783504,0.000184948,0.000549427,0.000308676,0.000559971,1.98E-05,0.001262296,0.000175307,0.000271886,0.000299496,5.51E-06,0.000211042,0.000476857,1.77E-05,0.000315478,0.000475401,1.21E-05,9.65E-05,0.000106211,0.000253666,1.44E-06,0.000313133,0.000306398,0.000151934,5.87E-05,2.32E-05,1.86E-05,5.41E-05,0.000610712,0.000152891,9.44E-05,5.77E-05,1.09E-05,0.000247276,8.54E-06,0.000284291,1.85E-05,4.81E-05,3.62E-05,0.000147427,0.000106241,0.000293836,2.22E-05,5.24E-05,8.59E-05,0.000122581,2.76E-05,0.000188097,7.88E-05,2.07E-05,8.51E-06,0.000164872,4.41E-05,1.28E-05,0.000130952,0.000178395,6.69E-05,8.76E-05,4.36E-06,2.51E-05,8.64E-05,0.000179761,1.65E-05,0.000130349,0.000280719,2.13E-05,0.000195627,2.29E-05,2.00E-05,0.000116488,5.86E-06,1.07E-05,1.30E-05,3.61E-05,0.000126713,2.99E-05,4.65E-05,0.000127822,0.000239671,0.000110254,0.000120793,4.26E-05,2.09E-05,0.000151712,0.000103989,2.68E-05,6.65E-05,7.68E-05,8.50E-05,4.33E-05,7.41E-05,5.06E-05,6.86E-05,1.85E-05,4.73E-05,2.12E-05,4.20E-05,4.84E-05,2.22E-05,1.86E-06,1.47E-05,9.87E-05,5.04E-05,6.13E-05,3.53E-05,9.44E-05,1.56E-05,2.43E-05,0.000103888,0.000103242,2.14E-05,4.04E-05,1.59E-06,7.87E-05,6.02E-05,0.000195568,2.75E-06,1.40E-05,9.45E-05,9.04E-05,2.74E-05,2.35E-06,1.78E-06,2.10E-05,2.37E-06,2.47E-06,2.44E-05,1.59E-05,0.000147035,9.12E-05,4.45E-05,1.44E-06,2.24E-05,1.28E-05,1.25E-05,9.77E-06,2.16E-06,3.94E-05,2.86E-07,7.65E-05,2.37E-05,1.72E-05,7.79E-05,1.80E-06,0.000260662,6.18E-05,2.54E-06,7.64E-05,1.11E-05,3.64E-05,9.66E-07,2.04E-06,9.73E-06,3.46E-05,4.27E-05,9.10E-05,3.97E-06,1.80E-06,4.07E-05,4.94E-05,9.55E-05,1.36E-05,8.28E-05,8.72E-06,2.09E-05,5.77E-06,1.32E-06,3.48E-07,5.84E-05,4.94E-06,4.04E-05,6.96E-06,4.29E-05,2.66E-06,2.12E-06,5.91E-06,2.84E-05,7.35E-05,8.60E-05,2.89E-05,3.46E-06,6.20E-08,9.85E-05,6.87E-06,5.83E-06,9.70E-07,7.10E-06,2.97E-05,3.07E-05,1.15E-05,7.39E-06,8.32E-05,2.91E-05,6.19E-06,4.88E-05,5.74E-05,1.27E-06,1.54E-05,1.95E-05,3.13E-05,3.14E-07,2.21E-06,9.39E-06,1.16E-06,4.66E-06,2.57E-06,5.09E-05,2.41E-06,1.04E-06,1.90E-06,1.61E-07,9.00E-09,6.30E-08,2.31E-07,2.48E-06,7.09E-07,6.28E-06,1.58E-07,5.58E-05,0.000153896,2.79E-05,8.83E-05,2.18E-05,9.88E-06,6.72E-07,1.50E-05,2.13E-05,4.76E-05,3.98E-06,2.34E-05,2.56E-05,1.75E-05,1.86E-06,2.28E-05,1.89E-05,2.67E-06,5.08E-06,1.18E-05,8.89E-06,1.15E-05,1.01E-05,7.79E-05,3.37E-06,2.46E-05,1.11E-05,2.82E-05,6.13E-06,3.85E-06,4.32E-05,2.80E-06,1.48E-05,1.60E-05,1.44E-05,1.13E-05,2.17E-05,3.64E-05,5.24E-05,4.20E-08,5.81E-06,1.79E-05,2.82E-05,4.81E-06,1.37E-05,2.11E-06,6.89E-05,5.82E-06,8.29E-07,6.57E-05,1.10E-05,2.96E-07,4.92E-07,3.76E-05
IV-A,0.000868708,0.044790136,0.177190535,3.56E-05,4.09E-05,0.000145433,0.054957821,0.027029583,0.053141825,0.000725099,0.002369665,0.014698242,0.331963818,0.004900087,0.000997474,0.000228661,5.66E-05,0.000251893,0.040239879,0.00566056,0.014238126,0.000308085,0.018504779,8.00E-05,2.12E-06,0.002975892,0.016913562,0.010543989,0.000127213,0.030389788,0.015496607,0.000556779,6.20E-06,3.10E-05,0.003148761,0.0051188,0.000110788,0.019202154,0.005128308,0.000243749,8.51E-05,0.000257703,5.00E-06,0.007738995,0.000836869,4.30E-05,0.00026658,0.00065204,0.000564867,0.000278989,2.00E-07,0.000101073,9.73E-05,0.00027402,3.21E-05,0.001503898,0.008982671,0.002085532,0.010996645,0.000404857,1.29E-06,0.000594176,2.02E-05,1.46E-05,3.86E-06,0.006693728,3.88E-05,0.000304206,1.38E-06,0.017875541,1.59E-05,3.37E-06,2.11E-06,0,9.38E-05,1.67E-05,0.000100793,1.26E-05,0.001071669,0.000227903,3.79E-05,0.006000854,0.000520361,1.37E-07,1.50E-05,0.002557341,0.000306551,0.000469892,0.00086059,3.05E-07,0.000897905,8.57E-05,0.000111481,7.43E-06,0,0.005130813,0.000273549,2.47E-07,0.000214586,0.000771997,3.54E-07,1.17E-05,0.00062742,3.16E-05,1.14E-06,1.27E-06,1.04E-05,0.000426621,1.22E-05,7.49E-05,9.17E-07,0,0.000522758,7.71E-06,9.70E-06,9.92E-06,3.37E-06,1.55E-05,2.97E-07,0.000183511,8.62E-07,0.00014963,1.17E-05,1.01E-05,0.000214629,0.000538407,1.12E-05,0.001335281,1.38E-05,7.49E-06,0,1.32E-05,0.00021701,7.88E-07,1.10E-05,6.77E-05,3.47E-06,4.87E-06,4.99E-06,1.04E-05,1.62E-06,5.08E-05,3.50E-07,1.90E-08,1.90E-05,0.000152126,8.63E-06,1.19E-05,3.01E-05,8.95E-06,9.02E-05,2.12E-05,1.48E-05,0.001766761,0,3.38E-07,4.67E-06,7.85E-06,0.000238888,3.26E-06,2.04E-05,4.14E-06,3.82E-05,2.93E-05,9.41E-06,0.000206766,1.06E-06,8.25E-07,0.000173815,6.50E-06,0.000444676,2.63E-06,3.66E-07,8.14E-06,0.000194113,0.000846503,3.04E-05,1.10E-07,0.000111103,7.24E-05,1.43E-05,0.000244687,1.69E-06,1.83E-07,1.36E-06,0.001161187,1.66E-06,2.87E-06,9.07E-06,0.000152456,4.26E-07,5.34E-06,2.73E-05,3.02E-05,5.35E-06,4.11E-05,0,0.000341371,4.20E-06,0.000694459,0,0,1.35E-05,2.20E-05,6.83E-07,9.10E-08,0,1.78E-07,4.73E-07,6.44E-05,8.62E-06,3.43E-06,1.72E-05,1.75E-05,4.11E-06,6.40E-08,6.93E-07,8.91E-07,4.67E-06,4.59E-06,0,2.04E-05,1.50E-08,3.52E-05,8.21E-06,3.10E-06,6.04E-05,0,3.65E-05,0.000437473,4.04E-06,7.33E-05,0,3.44E-06,0,1.26E-07,3.29E-07,3.64E-06,2.62E-05,1.44E-07,0,8.35E-07,5.13E-06,4.02E-06,5.97E-05,1.10E-07,3.54E-05,2.50E-07,0,4.27E-05,0,0,1.23E-05,6.99E-05,1.11E-05,0,1.49E-05,2.16E-05,0,0,2.07E-06,5.61E-06,0.000161678,5.72E-05,6.10E-08,0,7.03E-05,7.14E-07,0,3.84E-05,8.21E-05,5.19E-06,5.88E-05,1.23E-06,0,8.63E-06,2.44E-05,2.34E-07,8.95E-06,2.52E-05,0,6.40E-07,1.20E-05,0.000250179,0,2.05E-07,7.35E-07,0,4.79E-07,8.53E-07,5.53E-06,0,0,1.18E-06,8.10E-08,0,0,0,0,0,1.80E-05,0,5.06E-05,0.000203587,7.03E-07,1.10E-05,1.02E-05,5.83E-06,0,7.65E-07,2.68E-06,8.74E-05,1.11E-06,7.57E-06,5.20E-05,0.000137895,0,2.61E-06,9.59E-05,6.48E-07,5.30E-07,1.16E-06,1.02E-05,5.64E-06,1.15E-07,1.81E-05,6.89E-07,1.30E-06,0,4.86E-05,8.17E-07,2.96E-05,1.46E-05,5.62E-06,1.23E-06,1.79E-05,8.68E-06,1.12E-06,3.92E-05,4.15E-05,2.70E-07,0,6.40E-07,4.55E-05,1.91E-05,7.20E-08,9.30E-06,6.70E-06,0.000771139,1.71E-06,0.000173209,1.88E-06,1.01E-06,0.00012218,2.21E-07,5.06E-06
IV-B,0.00301509,0.042066685,0.348802695,0.000165682,0.000422904,0.014323937,0.13308519,0.053112613,0.028620566,0.001219239,0.004735198,0.032340992,0.012932711,0.017361379,0.007130454,0.001664321,0.000184132,0.000500281,0.009755562,0.008432357,0.020648809,0.000208708,0.035772505,0.001864278,0.000208454,0.014204525,0.024611238,0.010454016,0.000420965,0.018784683,0.012626627,0.001663705,9.11E-06,9.79E-05,0.002848156,0.008375885,0.000652006,0.022090378,0.009708549,0.004473873,6.22E-05,0.000644764,1.03E-05,0.007503317,0.000916146,0.00021017,0.000421124,0.00146871,0.000554075,0.00032643,6.62E-05,0.000665093,0.000130747,0.001105203,0.000199392,0.001573977,0.006565235,0.005721113,0.012492085,0.000330125,4.77E-06,0.000389698,2.81E-05,3.02E-05,9.37E-06,0.002651181,9.15E-05,0.000225603,5.31E-06,0.007796541,6.77E-06,1.66E-05,1.07E-05,2.79E-06,0.000418114,1.78E-05,0.000279976,5.95E-05,0.002774598,0.000181192,0.000211751,0.001212227,0.002184909,6.67E-07,4.66E-05,0.001392154,0.000353467,0.001317665,0.000133864,1.39E-05,0.001736893,0.000103582,6.97E-05,1.72E-05,6.75E-07,0.001249863,0.001109593,1.07E-06,0.000199121,0.00059973,6.88E-07,1.24E-05,0.001034788,0.000138074,4.72E-06,1.61E-05,0.000129475,0.000822764,9.15E-05,0.000103331,2.10E-06,2.38E-05,0.000250887,4.48E-06,2.40E-05,6.49E-06,9.93E-07,0.000124571,4.99E-07,0.000419992,0.000333311,2.70E-05,1.25E-05,5.18E-05,0.000273577,0.000150764,4.08E-05,0.000848856,8.54E-06,4.44E-05,1.20E-05,2.38E-05,2.40E-05,0.000341022,1.37E-05,0.000117504,1.06E-05,8.08E-06,2.23E-05,5.63E-05,4.47E-05,0.000576344,8.80E-08,1.61E-05,1.52E-05,0.000152209,7.25E-06,5.68E-05,4.97E-05,1.04E-05,7.76E-05,4.58E-05,1.45E-05,0.004287659,7.91E-07,9.66E-06,5.44E-06,6.08E-05,1.83E-05,2.14E-06,2.00E-05,2.81E-05,4.06E-05,3.25E-05,5.40E-05,2.66E-05,3.50E-06,1.41E-06,5.85E-05,3.48E-05,0.000782941,1.08E-05,2.78E-06,4.73E-06,0.000852905,0.001214207,0.000156528,3.76E-06,1.90E-05,8.46E-05,0.000104408,0.000250239,8.10E-06,6.90E-08,9.03E-06,0.001022206,3.37E-05,1.88E-05,0.000180542,5.40E-05,7.13E-06,2.97E-05,2.65E-05,1.55E-05,1.68E-06,3.17E-05,2.13E-07,8.14E-05,1.69E-05,0.000653417,1.36E-05,1.23E-06,0.000204325,3.60E-05,2.66E-06,9.74E-07,6.40E-08,2.11E-05,3.55E-06,8.54E-06,2.63E-05,3.62E-06,3.20E-05,2.25E-05,6.71E-06,1.43E-07,3.39E-06,5.81E-06,5.38E-06,3.58E-06,0,3.33E-05,0,0.000139554,3.71E-06,1.41E-06,4.85E-05,3.48E-07,9.35E-05,0.00012002,3.16E-07,1.69E-05,0,9.10E-06,1.10E-06,7.90E-08,9.34E-05,1.57E-05,5.72E-05,2.15E-05,2.60E-08,1.94E-07,9.24E-06,1.57E-05,2.58E-05,2.90E-06,1.69E-05,1.26E-06,4.45E-06,7.02E-06,1.50E-08,1.15E-07,1.05E-05,3.28E-05,5.30E-06,3.75E-06,0.000128125,6.90E-06,7.30E-08,2.97E-07,2.95E-05,0.000136081,9.64E-06,2.84E-05,2.66E-07,5.30E-08,1.54E-05,1.11E-06,0,2.73E-07,0.000105823,7.37E-06,0.000477194,1.50E-06,1.90E-08,2.89E-05,1.16E-05,4.80E-06,9.81E-06,1.61E-05,6.90E-08,2.00E-06,1.28E-05,0.000252739,0,2.75E-06,5.12E-06,3.60E-08,2.40E-08,1.09E-05,0.000299121,7.59E-07,6.41E-07,2.37E-06,3.80E-08,0,2.36E-06,0,1.61E-07,2.38E-07,5.33E-05,0,8.31E-06,0.000255949,5.53E-06,2.50E-05,4.73E-06,9.98E-07,1.17E-07,6.48E-06,4.24E-06,0.000152698,2.82E-05,1.45E-05,6.26E-05,0.000108028,3.85E-07,1.26E-06,2.30E-05,9.76E-07,1.90E-07,1.28E-05,9.34E-06,2.25E-05,1.46E-06,5.56E-06,1.47E-06,0.000637177,0,2.75E-06,1.63E-06,4.63E-05,0.000104149,9.65E-07,1.26E-06,4.00E-05,9.59E-06,4.27E-05,1.82E-05,6.85E-06,4.10E-06,0,1.03E-05,8.10E-05,5.19E-05,4.66E-06,2.10E-05,6.23E-05,0.000592939,5.27E-07,1.17E-05,6.73E-06,9.59E-07,2.10E-05,1.72E-06,2.49E-05
IV-C0,0.039185814,0.063416517,0.049273269,0.003796284,0.004578629,0.012826774,0.004921065,0.004539784,0.001513521,0.044304992,0.040821806,0.026201452,0.002138646,0.005255491,0.042019136,0.012382293,0.044496032,0.003969128,0.001618361,0.022641957,0.003769273,0.027145743,0.001674666,0.008086838,0.00065615,0.010163424,0.001126151,0.002732206,0.008376562,0.000252018,0.000605822,0.037187674,0.00023026,0.00327662,0.009736312,0.020759323,0.003757199,0.003525672,0.001889165,0.008630065,0.000613185,0.003775958,0.00092899,0.003892642,0.00623766,0.000361654,0.00874138,0.003522583,0.015081461,0.00690139,0.027147544,0.022828637,0.003573679,0.000298193,0.005014461,0.003998433,0.003278843,0.003486751,0.000558169,0.009738266,0.000188865,0.011900539,0.003244798,0.000694859,0.000214153,0.000284514,0.000738522,0.003297688,9.99E-05,0.00058516,0.000363914,0.000266128,0.001254358,3.35E-05,0.011195651,0.001771427,0.001214356,0.001492933,0.00170974,0.006477138,0.003293998,0.00050199,0.004117482,7.30E-06,0.001831355,0.002358888,0.006909992,0.009640667,0.005731481,3.48E-05,0.007377004,0.00156353,0.001940863,0.014203658,1.96E-05,0.002657304,0.002824779,4.01E-05,0.002070273,0.004402766,1.78E-05,0.001454407,0.001027665,0.000105863,2.21E-06,7.67E-05,0.004550902,0.00125121,0.000431918,7.54E-05,6.98E-05,0.000283663,0.011519727,0.001082809,0.002030535,0.000956311,0.000133027,0.005111081,1.57E-05,0.00123295,2.48E-05,0.000957388,0.000583511,0.000661571,0.000811727,0.005292726,2.42E-05,0.000196612,0.000450577,0.001611834,7.89E-05,0.001419703,0.001314936,0.000515403,0.000275298,0.004737163,0.000511714,3.89E-05,0.000421413,0.000424187,0.00051828,0.001871373,2.05E-06,7.63E-05,0.0009317,0.00179519,0.000338333,0.000971096,0.0018343,0.000923239,0.001555842,5.01E-05,0.000281825,0.002231082,5.69E-05,1.70E-05,0.000232709,0.000244749,0.001303377,0.000524448,0.000936768,0.000716203,0.002328997,0.000711937,0.000548172,0.000856745,0.000394817,0.001446072,0.001163623,0.001137318,0.000137902,0.001809906,5.31E-06,0.000986594,0.000264676,0.000364636,0.001947294,0.000129189,0.000507478,0.001729373,0.002159368,0.000931459,0.000191549,7.80E-06,0.000937573,9.32E-05,0.000472842,0.000471124,0.003567979,0.001374803,0.00029352,3.03E-05,0.000194393,0.000180012,0.000676069,0.000810613,1.09E-05,0.001039917,0.000788245,0.000249324,0.000667598,0.000828732,0.000928294,0.000460356,0.000319801,9.06E-06,0,9.53E-05,0.000286632,9.11E-05,0.000642892,0.000170507,0.000245892,0.000551054,0.000596993,8.59E-06,0.000356248,0.001141798,6.71E-05,0.000167808,2.75E-07,0.000368892,1.51E-06,0.001296579,0.000471215,0.000111873,0.002558648,6.80E-08,0.003093192,0.001119409,2.06E-05,0.001118611,0.001155343,0.00043659,0.000240853,6.10E-06,4.33E-05,0.000276541,0.000749096,6.45E-05,4.09E-06,1.43E-05,0.000268668,0.000424359,0.001397208,3.39E-05,0.000686913,0.000258516,7.32E-05,8.88E-05,3.31E-06,4.04E-06,0.000385965,0.000395931,0.000820799,2.31E-05,0.009641698,0.00015383,1.37E-05,1.15E-05,0.00023957,0.000441845,0.001356275,0.000262894,7.89E-05,1.66E-06,0.00052134,0.000142628,9.45E-05,1.28E-06,0.000204267,0.000230223,0.000850189,0.000152225,7.48E-05,0.000522491,0.000620477,0.000133548,0.000534002,0.000713885,1.11E-06,0.001367696,0.00023257,3.53E-05,1.53E-06,0.000140819,0.000151511,1.98E-06,5.52E-06,4.28E-05,0.000471898,9.50E-06,9.89E-06,0.002865464,6.38E-06,0,4.96E-06,0,1.15E-05,2.76E-06,0.000227248,0,0.00015451,0.000433421,0.001256275,0.000151492,9.98E-05,0.000105402,0,0.000113691,0.000102804,0.000290438,4.15E-05,0.0005205,0.000573918,5.57E-05,0,6.84E-05,0.001051272,7.64E-05,7.81E-05,0.000223099,9.52E-05,0.001048013,5.72E-06,0.000987343,5.59E-05,3.37E-06,0.000206297,0.001033748,0.00010876,8.62E-05,0.000929208,0.000222204,0.000360197,0.001567868,9.32E-05,3.68E-05,0.000172002,0.000740394,0.000697149,0.000678722,4.41E-05,0.000124895,0.000689382,4.13E-06,2.37E-05,4.44E-06,7.84E-05,3.31E-05,4.58E-05,0.000445549,1.15E-05,9.77E-07,9.01E-06,0.003555653
IV-C1,0.009726282,0.015750904,0.003836351,0.000643454,0.00138697,0.01645336,0.00422261,0.001398556,0.000487064,0.397737418,0.011194769,0.00584787,0.000437627,0.001901891,0.005914135,0.054569183,0.015571828,0.079074318,0.000163208,0.005794948,0.001124976,0.002685161,5.48E-05,0.009039387,0.000152872,0.008626088,0.00030968,5.20E-05,0.008441148,3.50E-05,0.000193731,0.096485723,0.000230741,0.000959064,0.005641278,0.00533718,0.000249991,0.000508904,0.003330383,0.003863426,0.001989222,0.000772215,0.000560316,0.00040025,0.000583586,3.96E-06,0.002813097,0.000293293,0.001033825,0.000939468,0.008712404,0.001725082,0.001678838,1.32E-05,0.013959893,0.000688398,9.65E-05,0.000664977,1.45E-05,0.002797362,0.000527273,0.000406616,0.000608177,0.003272822,0.000957941,7.20E-05,0.001959282,0.000713482,0.000141965,8.19E-06,1.31E-05,0.000135818,0.004074893,2.46E-06,0.004766757,0.000681342,0.000177213,0.00061025,7.62E-05,0.000966441,0.006127708,6.10E-05,0.00103939,6.63E-06,0.001706761,0.000306604,0.003006206,0.001755631,0.002105781,0.000212811,0.001362089,0.000346834,0.000253581,0.003228679,5.11E-06,0.000177029,0.000311717,5.01E-06,0.000364808,0.000366821,0.000415632,0.000452149,0.00015314,3.05E-05,5.06E-05,0,0.002406384,2.20E-05,0.012994579,3.48E-07,0.001855121,0,0.003794841,0.000117221,8.86E-06,0.00013647,7.69E-05,0.000421236,4.91E-06,0.002138352,3.66E-06,0.000168599,0.000134764,0.000494313,2.28E-05,0.000559786,5.80E-06,1.89E-05,0.000162702,0.000280371,0.00015703,0.0001265,4.20E-05,0.000692271,2.46E-05,0.000604463,7.86E-05,0.000182808,0.000411935,0.000142771,0.000228586,0.000583695,7.88E-06,0,9.52E-05,0.000501042,0.000741288,0.00040825,0.000197523,8.75E-06,0.000727441,6.28E-06,3.66E-05,1.01E-06,1.03E-06,2.62E-06,1.59E-06,4.68E-05,8.75E-05,0.00011647,0.000233107,0.00060219,0.000581719,8.13E-05,0.000596588,7.46E-05,0.000158647,0,0.000129585,0.000265326,3.38E-07,3.94E-05,2.19E-05,0.000131006,8.69E-07,6.39E-05,0.000356047,1.47E-05,1.64E-05,3.16E-05,1.04E-05,4.68E-05,1.41E-05,0,6.11E-05,0,7.33E-05,9.66E-05,0,4.34E-05,5.90E-05,0.000237809,1.16E-05,1.82E-05,6.17E-05,0.000203844,0,4.36E-05,6.42E-05,6.50E-05,2.96E-06,1.96E-06,0.016681558,7.04E-05,5.82E-05,6.06E-06,0,0.001170866,0.000172967,1.25E-06,6.00E-06,3.85E-05,0.000174321,5.26E-05,0.000103999,0,8.60E-05,0.000494733,9.09E-05,1.64E-06,6.65E-07,0.000120601,0,0.00048582,2.49E-05,0,0.000345927,0,0.00030557,0.000109234,9.56E-06,9.26E-05,0,6.95E-05,1.21E-05,2.00E-06,0,4.35E-05,6.43E-05,3.71E-07,4.86E-06,1.62E-06,1.31E-05,1.45E-06,0.000153579,6.16E-06,0.000120086,3.80E-05,0.000237015,3.47E-05,0,0,0.000170998,3.27E-05,0.000124119,3.71E-07,0.002551178,1.86E-05,0,7.25E-06,0,0.002074199,4.40E-05,0.000101101,0,0,0.000161087,3.81E-05,1.66E-06,3.44E-06,2.53E-06,5.60E-05,0.000282266,3.25E-05,3.83E-06,7.85E-06,6.72E-06,2.13E-05,9.46E-05,1.94E-05,0,3.60E-06,1.09E-05,0,0,2.52E-05,6.45E-06,7.47E-06,1.53E-07,9.40E-06,3.11E-05,0,1.35E-07,0,2.89E-06,0,0,0,2.28E-06,0.002804882,8.40E-05,0,0.000328141,0.000477089,0.00061278,0.000245482,1.92E-05,1.53E-05,5.43E-06,4.13E-06,6.75E-06,1.85E-05,9.45E-06,7.85E-05,0.000260115,3.64E-06,0,5.60E-05,2.60E-05,2.34E-05,8.23E-06,4.69E-05,0,0,1.74E-07,3.06E-05,6.13E-06,9.89E-06,4.06E-05,5.72E-05,2.38E-05,0,7.22E-05,3.71E-07,6.22E-05,2.74E-05,7.60E-05,7.50E-07,7.67E-06,0.00019744,2.17E-06,0,7.67E-05,1.38E-05,2.19E-05,0,2.50E-07,3.99E-05,3.71E-07,0,0,1.26E-06,9.60E-07,0,9.72E-06,0.066818905
IV-C2,0.060162066,0.015083524,0.014297748,0.006122414,0.000291901,0.030084556,0.006770872,0.001221418,0.000603607,0.003000244,0.002779469,0.000596488,0.001847077,0.000103389,0.004355173,0.00037336,0.005494596,8.74E-05,0.000245301,0.001268773,9.01E-05,0.673462956,4.35E-05,0.0002518,0.000150236,0.001220506,0.000193201,7.71E-06,0.010597541,0.00037286,5.66E-05,0.002933809,1.96E-05,6.11E-05,0.000190089,8.89E-05,0.000459773,0.000125837,0.000168396,1.22E-05,1.04E-05,0.000271069,9.94E-07,5.81E-05,7.60E-05,5.79E-05,0.001520148,0.000137505,0.000258153,0.004332645,3.38E-06,0.000820994,0.015396056,5.63E-07,9.52E-06,2.84E-05,3.58E-05,7.74E-05,6.18E-05,0.000727275,2.12E-06,5.72E-05,0.000106884,4.11E-05,0.000282735,1.16E-05,0.003270445,6.31E-05,0,2.69E-05,0,0,0.003204916,0,0.000471404,2.99E-07,5.10E-05,2.63E-06,3.47E-05,0.000354839,1.91E-05,4.29E-06,8.74E-05,0,0.005564631,1.96E-06,9.24E-05,9.83E-05,0.000420419,0,0.000198257,6.95E-07,0.000171392,0.00953379,0,1.82E-06,0,0,0.000154543,1.55E-05,0,0,0,6.38E-06,7.87E-05,8.75E-05,0.000229339,2.47E-05,0,8.02E-07,0,0,9.69E-05,0,3.78E-06,0,0,1.32E-05,0,9.79E-05,3.92E-06,1.72E-06,1.73E-05,0.000144208,7.81E-05,2.49E-05,1.43E-05,1.99E-06,6.82E-07,3.45E-05,6.76E-06,9.78E-06,3.03E-05,4.37E-06,8.08E-06,0.001175707,6.82E-05,8.45E-07,0.000146496,5.03E-05,3.94E-06,3.30E-05,0,0,1.84E-05,0.000217447,0,0.000124371,9.59E-05,0,3.21E-05,1.59E-06,0,2.30E-06,0,0,0,0.079162045,8.18E-05,0,0,0.000105723,2.91E-05,1.58E-05,0.00034959,0,0,0.001126858,5.49E-06,0,3.54E-05,3.80E-06,0,0,0,4.39E-06,1.90E-05,0,2.98E-05,1.11E-05,0.00325556,0,0,0,6.54E-05,4.29E-06,7.08E-06,4.20E-05,0,9.94E-05,1.13E-05,0.005575216,0,7.86E-05,0,0,0,2.15E-05,7.54E-06,0.000753431,0,0,0,6.38E-06,0,0,0,0.001124218,0,0,1.37E-06,0,7.41E-06,6.23E-05,2.45E-05,0,0,0,0,2.42E-06,0,8.02E-07,0,4.62E-06,2.41E-06,0,6.82E-06,0,1.45E-05,1.36E-05,0,1.76E-05,0,6.61E-05,0,0,0,1.37E-05,2.20E-05,3.29E-06,0,0,0,0,2.29E-05,0,6.52E-05,0,0,0,0,0,6.38E-06,0,2.32E-05,0,0.007899978,0,0,0,0,0,4.55E-07,2.71E-05,0,0,0.000387216,0,0,0,0,1.25E-05,1.90E-05,2.06E-06,0,0,0,0,2.76E-05,0,0,7.14E-06,0,0,0,8.85E-07,0,0,0,0,0.00028042,0,0,0,0,0,0,0,1.97E-06,0,0,0,2.25E-06,0.00010362,0.000493197,1.09E-05,9.88E-06,0,0,3.75E-06,0,4.34E-06,0,4.32E-06,0,0,0,0.000190455,4.83E-05,0,0,3.29E-05,0,0,9.99E-06,0,0,1.46E-05,0,0,0,0,0.000387226,0.000242072,9.91E-06,5.65E-06,1.21E-05,0,8.78E-06,0,0.000222487,0,2.84E-05,0.00055092,1.40E-06,0,0,0,2.27E-06,0,0,0,0,0,4.07E-06,0
IV-C3,0.013481894,0.000877721,0.002216711,0.002190082,0.000101954,0.008520428,0.00037129,0.000397329,2.90E-05,0.055136964,0.006212433,0.002285075,7.99E-05,0.010320878,0.028497226,0.011587933,0.003739016,0.000106281,3.40E-05,0.002456348,0.002010028,0.005485785,1.09E-05,0.305620566,0.001852756,0.002910004,2.03E-05,0.000825572,0.004581858,1.65E-05,1.36E-05,0.063770709,1.47E-06,3.04E-05,0.003396075,0.001727207,0.000166548,1.15E-05,4.81E-05,1.62E-05,0,0.000688648,2.57E-05,0.000758492,0.000316703,1.87E-07,0.002229318,4.33E-05,0.00106259,0.000866491,0.002198936,0.000515225,0.000171787,1.64E-05,0.003602415,0.000305957,0.000424161,0.000289989,4.66E-06,0.00127855,0.000157541,0.000702489,0.000136504,4.83E-05,9.20E-06,5.09E-06,0.000886818,0.000209915,1.47E-06,0,9.37E-06,5.63E-05,0.122351532,1.10E-06,0.003967836,9.56E-05,9.29E-05,3.01E-05,3.04E-05,0.000343351,0.000329291,8.77E-06,0.000239217,6.40E-07,5.37E-06,6.17E-05,0.000559257,0.000529812,6.66E-05,0.000844753,0.000145847,4.24E-05,1.75E-05,0.001012221,0,8.09E-06,6.81E-06,8.80E-07,0.000248222,6.38E-05,1.23E-06,6.22E-05,1.67E-05,0.00066235,0.00753887,0.000293211,0.000157129,0.000118964,0.199782414,9.85E-06,6.55E-06,0,0.00027121,5.65E-05,3.86E-05,5.72E-05,0,0.000281026,0,0.001919018,1.29E-06,8.45E-05,1.38E-05,0.000226997,0,5.50E-05,2.86E-07,1.92E-05,3.59E-05,0.0001703,0.00192377,3.61E-06,9.33E-06,0.005799915,3.27E-05,3.62E-05,1.93E-05,3.76E-06,0.000222031,5.55E-05,0.000202879,7.42E-06,0,0,4.89E-05,0.00036363,0.000233691,0.000853659,0.000547107,0.000452846,1.16E-05,2.10E-05,9.07E-06,0,2.77E-06,0,4.45E-06,1.61E-05,2.29E-06,2.30E-05,2.49E-05,0.000167656,0.000421898,0.00016572,0.000445982,3.01E-05,1.19E-05,0,7.83E-05,1.75E-05,0,3.17E-05,0,1.42E-05,9.46E-07,6.40E-06,5.44E-05,8.06E-06,2.27E-05,3.18E-05,4.05E-05,1.07E-05,8.06E-06,0,1.12E-05,0,3.97E-06,0.000393423,0.004454099,8.99E-05,7.83E-05,4.20E-06,0,0,9.29E-06,2.81E-05,0,3.67E-05,0,0.000169103,1.94E-05,0,3.36E-05,0.000112586,9.80E-06,0,0,0.018376226,5.63E-05,5.01E-06,1.30E-05,7.45E-06,1.06E-05,7.63E-05,0.000255589,0,7.91E-06,5.07E-05,3.93E-06,3.42E-06,0,1.70E-05,0,0.000377759,1.95E-05,9.78E-06,5.66E-05,0,3.62E-05,3.62E-05,6.98E-07,8.40E-05,0,9.31E-05,9.80E-07,0,0,8.71E-05,6.16E-05,6.15E-07,0,0,0.000143577,1.42E-06,0.000201192,0,0.000138921,1.95E-07,0,0,0,0,9.16E-05,9.63E-06,5.89E-05,1.30E-06,0,1.38E-06,0,0,1.81E-05,1.26E-06,1.90E-06,7.46E-05,0,0,8.27E-05,6.67E-07,2.15E-06,0,1.44E-06,4.17E-05,0.000188489,7.71E-06,5.91E-07,4.50E-05,0,5.79E-06,5.66E-05,0,0,3.91E-05,3.19E-06,0,0,0,1.70E-06,0,0,4.65E-06,0,0,0,2.18E-05,1.32E-06,0,0,0,0,0,3.16E-05,0,3.32E-05,0.000231009,0.056535199,0,0.00010984,0,0,6.39E-05,3.20E-06,0.000324139,2.79E-05,1.51E-05,1.93E-07,5.53E-05,0,8.72E-05,0,3.61E-06,3.35E-06,9.77E-05,0,0.00036225,8.37E-06,0.000158552,7.63E-07,0,8.61E-06,1.37E-06,0,0,2.41E-05,0,0,0.000797555,1.32E-05,6.05E-07,1.07E-05,5.82E-07,0,0.000632632,4.69E-05,0,3.34E-05,2.61E-05,0,6.81E-05,0,0,1.32E-06,8.55E-06,5.90E-05,0,0,0
IV-C4,0.011102209,0.167484056,0.027201645,0.000782435,0.005468725,0.008976768,0.005734481,0.003337801,0.00047483,0.017480165,0.006841901,0.001057488,0.000274583,0.000428925,0.001503842,0.003150704,0.008455289,0.009785451,0.00093357,0.001568439,0.000656978,0.011151778,0.002315395,6.97E-05,0.000217454,0.002402828,0.001035136,6.28E-05,0.268239004,0.001687558,0.000390328,0.032815664,0.001678131,0.000641902,0.000367322,0.000316469,0.000744705,0.000627616,0.000125343,7.15E-05,0.001409014,0.000125339,7.65E-05,0.000431653,0.000488529,0.000345341,0.009666487,0.000157507,0.000476415,0.005299394,2.99E-05,0.007177772,0.062399115,0.000138751,0.005028433,0.000597262,9.50E-05,9.66E-05,6.05E-06,0.000692055,2.88E-05,0.000564986,1.64E-05,0.000192489,2.03E-05,3.47E-06,0.024468151,0.000258973,0.000203366,1.13E-06,0.000285755,7.21E-05,2.04E-05,2.32E-05,0.003820824,1.95E-06,2.55E-05,2.15E-05,9.75E-05,0.001658229,0.00048551,5.47E-05,0.000411082,1.12E-05,0.085982874,0.000132233,0.002436958,3.59E-05,0.000220133,0,8.05E-05,8.36E-05,6.88E-05,0.000314567,3.88E-05,0.000172798,0.000367627,5.66E-05,0.000393264,0.000249792,1.13E-05,7.39E-06,7.18E-06,3.59E-05,0.00336793,9.43E-05,8.51E-05,2.28E-05,0.012651102,0,4.27E-06,0,0.002708602,1.38E-05,1.22E-05,3.14E-05,1.33E-05,0.001217048,0.000149125,0.000111718,4.08E-05,1.29E-05,1.32E-05,0.000160952,0.000184294,0.000436574,2.56E-05,1.05E-05,3.28E-05,0.00020914,6.99E-06,0.000157242,1.25E-05,0,2.75E-05,0.002352646,2.91E-06,4.92E-05,5.34E-05,0.000304452,0,4.30E-05,1.90E-06,0,0.000644127,0.00022373,7.98E-06,8.56E-05,0.000255503,0,0.00052944,0,1.23E-05,1.22E-05,1.20E-05,7.58E-06,1.87E-05,0.006717445,8.32E-07,3.88E-06,4.69E-06,0.00015511,0.002338309,0.001119613,0.000537517,8.54E-05,3.32E-06,0.035750737,0.000244248,3.99E-06,1.46E-05,2.49E-05,1.51E-05,0,0,1.70E-05,3.65E-05,6.20E-06,6.21E-05,1.17E-05,1.95E-06,6.31E-05,0,2.40E-05,1.44E-05,0.000111468,3.99E-06,0.000272431,0,1.38E-05,5.61E-06,0.030105547,0.000103203,0,3.68E-06,0.000118242,0,0.000112951,2.26E-05,0.000447847,0,0,0,4.30E-05,0,2.98E-06,0,2.03E-06,0,0,8.52E-06,3.85E-06,0,0.002861864,2.49E-05,0,1.32E-05,0,0,0,0,4.03E-06,0,1.62E-06,2.30E-05,6.96E-06,6.11E-05,0,3.35E-05,3.52E-05,2.10E-05,0.00011012,0,2.86E-06,0,0,0,8.82E-05,2.59E-05,2.71E-06,0,1.32E-05,0.000550648,4.05E-06,9.65E-05,0,0.000160999,1.27E-05,1.61E-06,0,0,0,8.78E-05,1.15E-05,1.65E-05,1.50E-05,0,1.08E-06,0,0,2.08E-06,2.81E-05,2.17E-05,1.66E-05,0,0,0.000124148,0,0,0,1.57E-05,1.67E-05,3.19E-06,0,0,0.000404226,0.001063354,1.54E-06,0.002046589,0.00015538,1.83E-06,8.34E-07,4.86E-06,0,0,1.42E-05,5.51E-06,1.92E-05,0,3.20E-05,3.08E-06,0,0,3.23E-05,2.38E-06,0,0,0,3.89E-05,0,9.15E-07,0,1.80E-05,6.56E-05,0.048541678,0.000260556,4.40E-05,2.98E-06,1.42E-06,2.57E-05,2.13E-06,4.27E-05,0,3.87E-05,7.70E-05,0,0,5.69E-06,0,0,0,0,0,0,0,0.000118704,0,5.35E-06,0,5.78E-05,0,0,8.94E-05,0.001936093,1.40E-06,7.48E-07,1.53E-05,0,9.71E-06,3.35E-06,0.000138808,0,0,0,4.48E-05,0,2.40E-05,0,0,0.009160232,2.70E-06,0,0,0,1.19E-05,0
V,0.067879122,0.032544766,0.144330653,0.377228673,0.201159518,0.027283191,0.016466748,0.010561391,9.54E-05,0.001091183,0.009287428,0.008410802,0.000114669,0.003955933,0.005019308,0.001515043,0.000466168,0.000637201,0.001523601,0.004502007,2.32E-05,0.00015056,2.49E-05,0.001809531,0.001748798,0.004917934,2.38E-05,1.31E-05,0.001079987,4.61E-05,0.000563281,0.001274631,0.000224749,0.000246034,0.002421246,0.001172901,0.001087818,9.93E-05,7.12E-05,0.000373552,0.000362013,0.002170879,6.83E-05,0.000923305,0.0012666,0.003369064,0.001108353,0.001343614,0.002936368,0.001606159,0.000988525,0.001497693,0.000259552,0.000677355,0.000130827,0.000399115,0.00066086,0.00103626,8.33E-07,0.003775854,0.00031204,0.003674462,8.46E-05,0.00020504,0.000209375,0.00021575,0.000464737,0.00051342,0.000104807,1.25E-06,0.000258606,3.52E-05,0.000646647,1.35E-05,0.002519183,5.69E-05,0.000250892,0.000257624,0.000139703,6.63E-05,0.000977684,6.79E-05,0.001450099,3.61E-05,0.000353721,0.000234598,0.001616378,3.03E-05,0.003058846,0.000219438,0.000111341,5.47E-05,0.003651463,2.44E-05,2.53E-05,8.03E-05,0.000243639,2.17E-05,0.000269614,0.000888991,1.77E-05,3.45E-05,2.08E-05,0.000326375,3.72E-05,0.000180766,0.000726918,4.43E-05,0.000114175,3.10E-05,1.98E-05,0.001400948,0.001076993,4.24E-05,0.000103107,2.83E-05,2.13E-07,4.89E-05,1.08E-05,0.000932516,5.14E-06,3.06E-05,9.41E-05,0.000153106,0.000109955,0.001317089,3.97E-05,0.000165496,6.05E-05,0.000151839,0.000173392,3.34E-05,0.000216071,1.38E-05,4.11E-05,5.37E-06,4.11E-05,2.45E-05,8.48E-05,3.71E-05,2.76E-05,4.04E-07,2.14E-05,0.000921134,6.29E-05,0.000523568,3.11E-05,0.000141094,0.000280688,0.00022718,0.000422082,4.81E-05,4.44E-06,1.11E-05,1.04E-05,6.80E-06,4.56E-05,1.23E-05,0.000793739,7.40E-06,1.78E-05,0.000130569,5.48E-05,0.000146983,0.000436449,0.000181042,6.56E-06,5.18E-05,0.000420235,8.77E-06,8.16E-05,3.44E-06,1.04E-06,1.07E-05,9.20E-08,0.000125632,4.80E-05,7.95E-05,4.20E-05,3.87E-05,8.41E-05,7.39E-05,1.93E-06,5.43E-06,8.33E-06,6.00E-07,0.000135593,3.66E-05,0.000141562,8.30E-05,0.000345906,7.69E-06,6.17E-05,1.61E-05,2.40E-05,0.000232285,5.30E-06,0.000140704,1.50E-06,0.000126007,1.34E-05,8.43E-05,4.68E-06,0.000103357,4.38E-06,2.96E-07,1.24E-06,1.33E-05,0.000572351,3.52E-05,4.74E-05,2.44E-06,1.79E-05,7.18E-05,4.67E-06,6.97E-06,5.42E-06,1.75E-06,3.63E-06,7.86E-06,0,7.93E-05,3.11E-06,0.0001972,1.24E-05,3.34E-06,0.00010197,1.62E-07,2.32E-05,6.95E-05,3.45E-06,0.000234997,0,4.67E-05,5.37E-06,2.72E-06,2.85E-06,2.08E-06,0.000135061,8.20E-08,4.97E-07,2.26E-05,3.09E-05,1.38E-05,0.000283723,4.99E-06,0.000118959,2.26E-07,5.20E-07,0,1.39E-06,1.34E-05,0.000246953,1.17E-05,0.000115678,6.01E-06,1.52E-06,4.16E-06,1.19E-05,1.03E-05,3.78E-05,1.12E-06,0.000166543,5.86E-05,1.45E-06,1.16E-06,9.91E-05,5.48E-06,4.00E-08,1.80E-06,3.21E-05,3.48E-05,3.67E-06,5.50E-07,5.91E-07,2.34E-05,6.54E-06,2.52E-06,6.39E-05,0,0,7.42E-05,1.88E-05,0,2.06E-06,3.78E-06,3.01E-06,2.51E-06,0,1.18E-06,0,6.61E-06,0,3.66E-07,3.91E-07,0,5.84E-06,1.16E-06,8.86E-06,0,4.02E-06,2.30E-06,2.70E-05,0.000124093,0.00022882,4.19E-06,4.51E-05,1.31E-05,0,1.54E-05,0.000103706,0.00024155,3.87E-07,0.000124607,4.03E-05,1.71E-05,5.60E-06,4.58E-06,0.000252118,1.60E-06,2.17E-07,1.59E-05,1.48E-05,1.96E-05,1.99E-06,0,1.25E-07,4.55E-06,1.08E-07,1.84E-06,1.20E-06,3.91E-05,1.44E-05,0,0.000283285,2.91E-05,3.48E-05,1.75E-05,7.79E-05,3.03E-06,1.11E-05,2.06E-07,2.40E-05,5.54E-06,3.58E-06,1.44E-05,1.83E-07,7.36E-07,0,0.000140687,2.03E-07,7.60E-08,1.60E-06,0,0,1.43E-06